issue_time_utc,guidance_issued_at_utc,valid_time_utc,lead_hours,actual_lead_hours,predicted_stage_mllw_ft,nwps_raw_stage_ft,fort_observation_time_utc,fort_elevation_navd88_ft,observed_stage_mllw_ft,verified_at_utc
2026-10-04T04:12:38+00:00,2026-10-03T17:43:00Z,2026-10-04T06:00:00+00:00,1,,2.42,2.4,2026-10-04T03:36:00+00:00,0.29,2.93,2026-10-04T10:03:34+00:00
2026-10-04T04:12:38+00:00,2026-10-03T17:43:00Z,2026-10-04T08:00:00+00:00,3,,2.92,2.9,2026-10-04T03:36:00+00:00,0.29,3.01,2026-10-04T10:03:34+00:00
2026-10-04T04:12:38+00:00,2026-10-03T17:43:00Z,2026-10-04T11:00:00+00:00,6,,2.03,2.0,2026-10-04T03:36:00+00:00,0.29,,
2026-10-04T04:12:38+00:00,2026-10-03T17:43:00Z,2026-10-04T17:00:00+00:00,12,,2.34,2.3,2026-10-04T03:36:00+00:00,0.29,,
2026-10-04T04:12:38+00:00,2026-10-03T17:43:00Z,2026-10-05T05:00:00+00:00,24,,1.6,1.6,2026-10-04T03:36:00+00:00,0.29,,
2026-10-04T04:12:38+00:00,2026-10-03T17:43:00Z,2026-10-06T04:00:00+00:00,48,47.789,1.14,1.1,2026-10-04T03:36:00+00:00,0.29,,
2026-10-04T04:21:10+00:00,2026-10-03T17:43:00Z,2026-10-04T05:00:00+00:00,1,0.647,1.92,1.9,2026-10-04T03:36:00+00:00,0.29,2.3,2026-10-04T10:03:34+00:00
2026-10-04T04:21:10+00:00,2026-10-03T17:43:00Z,2026-10-04T07:00:00+00:00,3,2.647,2.82,2.8,2026-10-04T03:36:00+00:00,0.29,3.09,2026-10-04T10:03:34+00:00
2026-10-04T04:21:10+00:00,2026-10-03T17:43:00Z,2026-10-04T10:00:00+00:00,6,5.647,2.52,2.5,2026-10-04T03:36:00+00:00,0.29,,
2026-10-04T04:21:10+00:00,2026-10-03T17:43:00Z,2026-10-04T16:00:00+00:00,12,11.647,1.64,1.6,2026-10-04T03:36:00+00:00,0.29,,
2026-10-04T04:21:10+00:00,2026-10-03T17:43:00Z,2026-10-05T04:00:00+00:00,24,23.647,1.2,1.2,2026-10-04T03:36:00+00:00,0.29,,
2026-10-04T04:21:10+00:00,2026-10-03T17:43:00Z,2026-10-06T04:00:00+00:00,48,47.647,1.14,1.1,2026-10-04T03:36:00+00:00,0.29,,
2026-10-04T04:27:19+00:00,2026-10-03T17:43:00Z,2026-10-04T05:00:00+00:00,1,0.545,1.92,1.9,2026-10-04T03:36:00+00:00,0.29,2.3,2026-10-04T10:03:34+00:00
2026-10-04T04:27:19+00:00,2026-10-03T17:43:00Z,2026-10-04T07:00:00+00:00,3,2.545,2.82,2.8,2026-10-04T03:36:00+00:00,0.29,3.09,2026-10-04T10:03:34+00:00
2026-10-04T04:27:19+00:00,2026-10-03T17:43:00Z,2026-10-04T10:00:00+00:00,6,5.545,2.52,2.5,2026-10-04T03:36:00+00:00,0.29,,
2026-10-04T04:27:19+00:00,2026-10-03T17:43:00Z,2026-10-04T16:00:00+00:00,12,11.545,1.64,1.6,2026-10-04T03:36:00+00:00,0.29,,
2026-10-04T04:27:19+00:00,2026-10-03T17:43:00Z,2026-10-05T04:00:00+00:00,24,23.545,1.2,1.2,2026-10-04T03:36:00+00:00,0.29,,
2026-10-04T04:27:19+00:00,2026-10-03T17:43:00Z,2026-10-06T04:00:00+00:00,48,47.545,1.14,1.1,2026-10-04T03:36:00+00:00,0.29,,
2026-10-04T10:03:34+00:00,2026-10-04T05:30:00Z,2026-10-04T11:00:00+00:00,1,0.941,2.03,2.0,2026-10-04T09:30:00+00:00,1.42,,
2026-10-04T10:03:34+00:00,2026-10-04T05:30:00Z,2026-10-04T13:00:00+00:00,3,2.941,1.04,1.0,2026-10-04T09:30:00+00:00,1.42,,
2026-10-04T10:03:34+00:00,2026-10-04T05:30:00Z,2026-10-04T16:00:00+00:00,6,5.941,1.54,1.5,2026-10-04T09:30:00+00:00,1.42,,
2026-10-04T10:03:34+00:00,2026-10-04T05:30:00Z,2026-10-04T22:00:00+00:00,12,11.941,3.02,3.0,2026-10-04T09:30:00+00:00,1.42,,
2026-10-04T10:03:34+00:00,2026-10-04T05:30:00Z,2026-10-05T10:00:00+00:00,24,23.941,2.92,2.9,2026-10-04T09:30:00+00:00,1.42,,
2026-10-04T10:03:34+00:00,2026-10-04T05:30:00Z,2026-10-06T10:00:00+00:00,48,47.941,3.49,3.4,2026-10-04T09:30:00+00:00,1.42,,
