date,ware_river,inches_mobjack,windspeed_ware,wind_direction_ware,Notes,,,
5-29-21,5.1,14,20,nne,,,,
7-8-21,4.45,8,0,,,,,
10-6-21,4.44,6,0,,,,,
10-7-21,4.58,7,0,,,,,
10-8-21,4.1,3,0,,,,,
10-9-21,4.3,6,4.6,nne,,,,
10-10-21,4.75,10,15,nne,,,,
10-11-21,4.8,9,16,nnw,,,,
10-12-21,4.2,2,25,n,,,,
10-16-21,4.22,4,20,nnw,,,,
10-28-21,4.58,7,0,e,,,,
10-28-21,4.77,10,0,e,,,,
10-28-21,4.87,5,0,ese,,,,
10-30-21,3.8,0.5,0,ese,,,,
10-30-21,4.2,2,24,se,,,,
12-31-21,3.87,0,0,,,,,
1-3-22,5.22,11,0,n,Snow,,,
1-4-22,4.1,1.5,9.2,n,,,,
1-16-22,4.8,8,22,ese,,,,
5-8-22,4.72,8,0,,,,,
5-9-22,4.5,6,0,,,,,
5-10-22,5.02,12,15.5,nne,,,,
5-11-22,4.1,6,16,nne,,,,
6-14-22,4.13,0.5,0,,,,,
9-7-22,4.33,1.5,17,ne,,,,
9-8-22,4.82,10,0,,,,,
9-8-22,4.39,3.25,8,nne,,,,
9-9-22,4.3,2.5,0,,,,,
9-9-22,4.6,8,5.7,nne,,,,
9-10-22,4.2,0.5,8.1,nne,,,,
9-10-22,4.2,0.5,6.9,nne,,,,
9-30-22,4.66,7,18,n,,,,
10-1-22,4.5,5,21,nne,,,,
10-3,4.25,1,15,nw,,,,
11-7-22,4.25,2,20,ssw,,,,
3-12-23,4.3,4,4.3,nne,,,,
3-13-23,4.3,4,0,,,,,
3-13-23,4.33,4,0,,,,,
3-14-23,4.3,4,17,nw,,,,
4-30-23,3.94,,0,,,,,
6-2-23,4.38,3,12.8,ene,,,,
6-3-23,4.61,2.5,0,,,,,
6-5-23,4.2,0,0,,,,,
6-20-23,4.2,1.5,0,,,,,
6-21-23,4.62,7,19.5,ne,,,,
8-31-23,4.49,4,18.5,nne,,,,
8-31-23,4.3,2,0,,,,,
9-22-23,4.7,10,0,,,,,
9-23-23,4.68,10,0,,,,,
9-23-23,5,12,0,,,,,
9-26-23,4.6,8,0,,,,,
9-27-23,4.68,8,0,,,,,
9-27-23,4.93,8,0,,,,,
9-28-23,4.7,10,0,,,,,
9-28-23,4.8,9,0,,,,,
9-29-23,4.38,6,0,,,,,
9-30-23,4.5,3,0,,,,,
10-1-23,4.45,4,0,,,,,
10-2-23,4.5,4,0,,,,,
12-18-23,4.64,8,8,w,,,,
1-9-24,4,0,0,,,,,
1-13-24,4.09,0.5,0,,,,,
2-6-24,4.46,5,0,,,,,
2-7-24,4.51,6,0,,,,,
2-8-24,4.3,1,0,,,,,
2-11-24,4.08,0,0,,,,,
2-14-24,4.4,2,0,,,,,
3-9-24,4.61,7,19.5,sse,,,,
3-9-24,4.2,3,19.5,sse,,,,
3-10-24,4.74,9,10,wnw,,,,
3-25-24,4.22,1.5,0,,,,,
3-26-24,4.15,5,6.9,ne,,,,
3-26-24,4.6,6,6,e,,,,
3-27-24,4.19,1,0,,,,,
4-4-24,4.54,5,0,,,,,
4-8-24,4,5,0,,,,,
4-9-24,4,5,0,,,,,
4-9-24,4.1,0,0,,,,,
4-10-24,4.1,0,0,,,,,
4-10-24,4.1,0,0,,,,,
4-11-24,4.1,0,0,,,,,
4-11-24,4.1,0,0,,,,,
4-12-24,4.62,0,0,,,,,
5-3-24,4,0,0,,,,,
5-4-24,4.09,0,0,,,,,
5-5-24,4.06,0,0,,,,,
5-6-24,4.02,0,0,,,,,
5-8-24,4.06,0,0,,,,,
5-9-24,4.13,0,0,,,,,
5-11-24,4.92,0,0,,,,,
5-12-24,4.3,0,0,,,,,
5-15-24,4.2,0,0,,,,,
5-20-24,3.93,0,3.4,ese,,,,
9-15-24,4.08,0,0,,,,,
9-16-24,4.12,0,0,,,,,
9-16-24,4.52,5,7.5,se,,,,
9-17-24,4.31,3,0,,,,,
9-17-24,4.57,5.5,0,,,,,
9-18-24,5.52,5,0,,,,,
9-18-24,4.5,5,0,,,,,
9-19-24,4.64,8,0,,,,,
9-19-24,4.38,3,0,,,,,
9-20-24,4.78,9.5,0,,,,,
9-20-24,4.48,4,0,,,,,
9-21-24,4.96,11.75,0,,,,,
9-22-24,4.36,6,0,,,,,
9-22-24,5.2,14.5,0,,,,,
9-23-24,4.51,5,0,,,,,
9-23-24,4.83,10.75,0,,,,,
9-24-24,4.28,3,0,,,,,
9-24-24,4.57,7,0,,,,,
9-25-24,4.23,2,0,,,,,
9-25-24,4.38,2.25,0,,,,,
9-26-24,3.79,0,0,,,,,
9-26-24,4.09,2,0,,,,,
9-27-24,3.55,0,0,,,,,
9-27-24,4.7,9.75,25.3,se,,,,
10-16-24,3.4,0,,,,,,
10-17-24,3.4,0,,,,,,
10-17-24,3.4,0,,,,,,
10-18-24,4,0,9.2,n,,,,
10-18-24,3.63,0,,,,,,
10-19-24,4.29,2.5,8.1,nne,,,,
10-19-24,3.44,0,,,,,,
10-20-24,3.89,0,3.4,nnw,,,,
11-14-24,4.24,1,4.7,n,,,,
11-14-24,4.1,0.5,11.4,e,,,,
11-15-24,5.27,15,12.8,nne,,,,
11-15-24,4.07,0.5,8.1,nw,,,,
11-16-24,4.37,3,5.8,wnw,,,,
11-16-24,3.98,0,6.9,nw,,,,
4-11-25,4.03,0,13.9,NE,"Rain 4-4.5""",Coastal low NE,,
5-21-25,4.48,4,18.3,ENE,"Rain 2.0""",,,
5-22-25,4.2,2,8.1,WNW,,,,
5-22-25,4.18,0,11.4,WNW ,Water 1.5 into road and yard but not to my house,,,
5-23-25,4,0,0,Calm,Water 1.5 into road and yard but not to my house,,,
6-27-25,4.14,0.25,4.7,ESE,…1/4 inch yard not house,,,
8-19-25,4.05,0,10.3,E,Water in ditches and road. Not to my house.,,,Offshore low + Hurricane Erin
8-20-25,4.26,2,3.4,E,,,,
8-21-25,4.63,7.5,18.3 w 24.6 gusts,NNE,Hurricane Erin,,,
8-21-25,5.04,12.5,10.4,N,,,,
8-22-25,4.48,4,6.9,N,,,,
8-22-25,5.12,13,Wind calm near zero mph,,"Right after high tide water dropped from 13"" to 10 3/4"" in 30 minutes ",,,
8-23-25,4.35,2,5.8,ESE,,,,
8-23-25,4.4,3,5.58,SSE,,,,
8-24-25,4.2,1,6.9,SE,,,,
9-9-25,4.42,3,13.9,NE,,full moon,,
9-9-25,4.35,3,12.5,NNE,,,,
9-10-25,4.61,7,15,NNE,,,,
9-10-25,4.21,2,8,NNE,,,,
9-11-25,4.42,3,11.4,NNE,,,,
9-16-25,4.51,4,17.2 w 25-30mph gusts,N to NNW,Off shore nor'easter 5am 9-16-25 to 1:20am 9-17-25,,,
10-1-25,4.43,3.5,19.5,NNE,Off NC/SC hurricane IMELDA headed NE out to Atlantic Ocean,,,
10-2-25,4.19,0.25,10.3,NE,,,,
10-2-25,4.32,2,4.7,E,,,,
10-9-25,4.02,0,12.8,E,…subtropical storm Karen takes NE path away from the US and a coastal low nor'easter forms off NC/SC… the storm splits.. the NC/SC storm dissipated and a new low formed off the DELMARVA coast… sped off up the Atlantic seaboard ,,,
10-10-25,4.27,2,10.3,E,,,,
10-11-25,4.38,2,11,ENE,,,,
10-12-25,4.18,0,16,ENE,20mph gusts,,,
10-12-25,5.54,19,24,NNE,35mph gusts,New record highest in 10 years. ,Last personal record was 11.15.24 @ 15 inches Ware River gauge 5.27,
10-13-25,4.8,5,16,N,20mph gusts,,,
10-13-25,4.78,9,16,NNW,,,,
10-14-25,4.23,1,15,N,Water side yard and part back yard..1 inch at pole..water on Matthew Ln,,,
10-18-25,4.17,0,9,SSE,Water in side yard plus driveway to pole,,,
10-28-25,4.53,4.5,21,NE,,,,
10-29-25,4.25,2,12,NNE,,,,
10-29-25,4.4,4,10.3,NE..18.3 gusts,,,,
10-30-25,4.67,5,17.2,SE…wind shift to SE @ 12:30am,,,,
10-30-25,4.78,9.5,4.7,SW,,,,
6-14-26,4.31,0,18,N,… 2 inches side yard..5-7 inches community dock area..dark of the moon tide,,,
7-12-26,4.12,0.5,13,NE 13 mph,5 inches @ community dock. 2 inches in my side yard,,,
9.22.26,4.68,10,18.3,NE,2 inch rise every 15 minutes ,,,
9-23-26,4.89,13,23,NE,.5 inch rise every 10 minutes - am,,,
9-23-26,5.09,13.5,16 w 25mph gusts,NE,pm,,,
9-24-26,5.2,15,17 w 23 mph gusts,NNE,am,,,
9-24-26,5.38,17.5,21.9,NE,pm,,,
9-25-26,5.1,14,18,N,2nd nor'easter forms off coast of VA - am,,,
9.26.26,5.36,17,23,NNW,Nor'easter #2 …New Jersey shore under state of emergency ,,,
9-27-26,4.17,0,9.2,NW,pm,,,
9-28-26,4.08,..driveway + yard,2.2,NNE,…tide slowly crept in..filled side yard and part of driveway.. continue to move in one hour after high tide - am,,,